,0,1,label,image_path,src_dataset
3,-0.00678658611737431,0.5608209608222218,3,/home/dikra/media/dikra/PhD/DATA/DLC24_Data/tiny_all_bird_merged_coco/images/00000218_1.jpg,cowbird
3,2.4496071559569392,0.41181666600401706,3,/home/dikra/media/dikra/PhD/DATA/DLC24_Data/tiny_all_bird_merged_coco/images/00000218_1.jpg,cowbird
3,-0.4026503612954723,0.6439103958348645,3,/home/dikra/media/dikra/PhD/DATA/DLC24_Data/tiny_all_bird_merged_coco/images/00000218_1.jpg,cowbird
3,1.3418150798660518,0.6196872876706162,3,/home/dikra/media/dikra/PhD/DATA/DLC24_Data/tiny_all_bird_merged_coco/images/00000218_1.jpg,cowbird
3,0.2710362193546411,0.5169258580534739,3,/home/dikra/media/dikra/PhD/DATA/DLC24_Data/tiny_all_bird_merged_coco/images/00000218_1.jpg,cowbird
3,2.5596025543283565,0.5519019993098455,3,/home/dikra/media/dikra/PhD/DATA/DLC24_Data/tiny_all_bird_merged_coco/images/00000218_1.jpg,cowbird
3,2.1828450558103163,0.2986673796661223,3,/home/dikra/media/dikra/PhD/DATA/DLC24_Data/tiny_all_bird_merged_coco/images/00000218_1.jpg,cowbird
3,1.1027591167139097,0.5314609208303549,3,/home/dikra/media/dikra/PhD/DATA/DLC24_Data/tiny_all_bird_merged_coco/images/00000218_1.jpg,cowbird
3,2.025915514510328,0.52524846172642,3,/home/dikra/media/dikra/PhD/DATA/DLC24_Data/tiny_all_bird_merged_coco/images/00000218_1.jpg,cowbird
3,3.7471553019522412,0.5621696298447778,3,/home/dikra/media/dikra/PhD/DATA/DLC24_Data/tiny_all_bird_merged_coco/images/00000218_1.jpg,cowbird
3,1.5013845255134572,0.25822139256649707,3,/home/dikra/media/dikra/PhD/DATA/DLC24_Data/tiny_all_bird_merged_coco/images/00000218_1.jpg,cowbird
3,2.58367467452615,0.6459576693622198,3,/home/dikra/media/dikra/PhD/DATA/DLC24_Data/tiny_all_bird_merged_coco/images/00000218_1.jpg,cowbird
3,4.2215878727216705,0.8453935544738829,3,/home/dikra/media/dikra/PhD/DATA/DLC24_Data/tiny_all_bird_merged_coco/images/00000218_1.jpg,cowbird
0,10.390128310581979,-1.1801079301469697,0,/home/dikra/media/dikra/PhD/DATA/DLC24_Data/tiny_all_bird_merged_coco/images/00000892_5.jpg,cowbird
0,8.229297778839625,-1.4591298447178125,0,/home/dikra/media/dikra/PhD/DATA/DLC24_Data/tiny_all_bird_merged_coco/images/00000892_5.jpg,cowbird
3,3.273822260091283,0.6321879888688653,3,/home/dikra/media/dikra/PhD/DATA/DLC24_Data/tiny_all_bird_merged_coco/images/00000892_5.jpg,cowbird
0,7.00920089426793,0.7401178629237049,0,/home/dikra/media/dikra/PhD/DATA/DLC24_Data/tiny_all_bird_merged_coco/images/00000892_5.jpg,cowbird
0,5.516770155105856,0.7689027984174722,0,/home/dikra/media/dikra/PhD/DATA/DLC24_Data/tiny_all_bird_merged_coco/images/00000892_5.jpg,cowbird
3,3.665497946238304,0.5047786641786387,3,/home/dikra/media/dikra/PhD/DATA/DLC24_Data/tiny_all_bird_merged_coco/images/00000892_5.jpg,cowbird
3,4.762815906665357,0.6008233334134822,3,/home/dikra/media/dikra/PhD/DATA/DLC24_Data/tiny_all_bird_merged_coco/images/00000892_5.jpg,cowbird
3,4.392654106095664,0.8159032977647844,3,/home/dikra/media/dikra/PhD/DATA/DLC24_Data/tiny_all_bird_merged_coco/images/00000892_5.jpg,cowbird
0,10.305521911355452,-1.2111751179313706,0,/home/dikra/media/dikra/PhD/DATA/DLC24_Data/tiny_all_bird_merged_coco/images/00000191_10.jpg,cowbird
0,9.870832194854895,-1.2115317416960516,0,/home/dikra/media/dikra/PhD/DATA/DLC24_Data/tiny_all_bird_merged_coco/images/00000191_10.jpg,cowbird
0,9.732545762874295,-1.1993388623434418,0,/home/dikra/media/dikra/PhD/DATA/DLC24_Data/tiny_all_bird_merged_coco/images/00000191_10.jpg,cowbird
0,9.711891100913885,-1.225408907596987,0,/home/dikra/media/dikra/PhD/DATA/DLC24_Data/tiny_all_bird_merged_coco/images/00000191_10.jpg,cowbird
0,9.5720755328783,-1.2150712835983208,0,/home/dikra/media/dikra/PhD/DATA/DLC24_Data/tiny_all_bird_merged_coco/images/00000191_10.jpg,cowbird
0,8.420671452398983,-0.6569344012504295,0,/home/dikra/media/dikra/PhD/DATA/DLC24_Data/tiny_all_bird_merged_coco/images/00000191_10.jpg,cowbird
0,9.194609893392242,-1.2066685617946902,0,/home/dikra/media/dikra/PhD/DATA/DLC24_Data/tiny_all_bird_merged_coco/images/00000191_10.jpg,cowbird
0,9.353826185979221,-1.232872797443425,0,/home/dikra/media/dikra/PhD/DATA/DLC24_Data/tiny_all_bird_merged_coco/images/00000191_10.jpg,cowbird
0,7.207491457884966,-1.3688302942481785,0,/home/dikra/media/dikra/PhD/DATA/DLC24_Data/tiny_all_bird_merged_coco/images/00000191_10.jpg,cowbird
0,9.068486825024936,-1.2408585534020908,0,/home/dikra/media/dikra/PhD/DATA/DLC24_Data/tiny_all_bird_merged_coco/images/00000191_10.jpg,cowbird
0,6.738417138932529,-1.4239969206388141,0,/home/dikra/media/dikra/PhD/DATA/DLC24_Data/tiny_all_bird_merged_coco/images/00000191_10.jpg,cowbird
3,1.010076090304997,0.6324041904984341,3,/home/dikra/media/dikra/PhD/DATA/DLC24_Data/tiny_all_bird_merged_coco/images/00000236_12.jpg,cowbird
3,2.153534455685371,0.5288122976114169,3,/home/dikra/media/dikra/PhD/DATA/DLC24_Data/tiny_all_bird_merged_coco/images/00000236_12.jpg,cowbird
3,1.3599868289119545,0.3625164008863687,3,/home/dikra/media/dikra/PhD/DATA/DLC24_Data/tiny_all_bird_merged_coco/images/00000236_12.jpg,cowbird
3,0.7705267872722564,0.744395473722869,3,/home/dikra/media/dikra/PhD/DATA/DLC24_Data/tiny_all_bird_merged_coco/images/00000236_12.jpg,cowbird
3,2.882601613043831,0.457412985222221,3,/home/dikra/media/dikra/PhD/DATA/DLC24_Data/tiny_all_bird_merged_coco/images/00000236_12.jpg,cowbird
3,3.442673064692511,0.3565002030956239,3,/home/dikra/media/dikra/PhD/DATA/DLC24_Data/tiny_all_bird_merged_coco/images/00000236_12.jpg,cowbird
3,2.343660202834195,0.5053480681209344,3,/home/dikra/media/dikra/PhD/DATA/DLC24_Data/tiny_all_bird_merged_coco/images/00000236_12.jpg,cowbird
3,0.06630863598020459,0.7380219009679597,3,/home/dikra/media/dikra/PhD/DATA/DLC24_Data/tiny_all_bird_merged_coco/images/00000236_12.jpg,cowbird
3,2.9844758396717577,0.7193149566568575,3,/home/dikra/media/dikra/PhD/DATA/DLC24_Data/tiny_all_bird_merged_coco/images/00000236_12.jpg,cowbird
3,3.159341691530266,0.4700349524907589,3,/home/dikra/media/dikra/PhD/DATA/DLC24_Data/tiny_all_bird_merged_coco/images/00000236_12.jpg,cowbird
3,3.8760179447987757,1.2303952868690862,3,/home/dikra/media/dikra/PhD/DATA/DLC24_Data/tiny_all_bird_merged_coco/images/00000285_14.jpg,cowbird
3,1.42518790009692,1.2275513768955693,3,/home/dikra/media/dikra/PhD/DATA/DLC24_Data/tiny_all_bird_merged_coco/images/00000285_14.jpg,cowbird
3,2.7908863540754183,1.6550326268055215,3,/home/dikra/media/dikra/PhD/DATA/DLC24_Data/tiny_all_bird_merged_coco/images/00000285_14.jpg,cowbird
3,3.675111368255091,1.4554183348991894,3,/home/dikra/media/dikra/PhD/DATA/DLC24_Data/tiny_all_bird_merged_coco/images/00000285_14.jpg,cowbird
3,2.6387368022751083,1.079080037634172,3,/home/dikra/media/dikra/PhD/DATA/DLC24_Data/tiny_all_bird_merged_coco/images/00000204_15.jpg,cowbird
3,3.3523650505127303,0.6487029321222489,3,/home/dikra/media/dikra/PhD/DATA/DLC24_Data/tiny_all_bird_merged_coco/images/00000204_15.jpg,cowbird
3,3.9421240549983994,0.7459279326065047,3,/home/dikra/media/dikra/PhD/DATA/DLC24_Data/tiny_all_bird_merged_coco/images/00000204_15.jpg,cowbird
3,1.4286247149821851,0.2853468176678657,3,/home/dikra/media/dikra/PhD/DATA/DLC24_Data/tiny_all_bird_merged_coco/images/00000204_15.jpg,cowbird
3,1.3264818570392996,0.7905117679739504,3,/home/dikra/media/dikra/PhD/DATA/DLC24_Data/tiny_all_bird_merged_coco/images/00000204_15.jpg,cowbird
3,2.316783819346144,0.5171486275533694,3,/home/dikra/media/dikra/PhD/DATA/DLC24_Data/tiny_all_bird_merged_coco/images/00000204_15.jpg,cowbird
3,1.1295301042643693,0.5869641513953834,3,/home/dikra/media/dikra/PhD/DATA/DLC24_Data/tiny_all_bird_merged_coco/images/00000204_15.jpg,cowbird
3,0.5320281124476463,0.6159417562458883,3,/home/dikra/media/dikra/PhD/DATA/DLC24_Data/tiny_all_bird_merged_coco/images/00000204_15.jpg,cowbird
3,3.074252442765722,0.8098007882935018,3,/home/dikra/media/dikra/PhD/DATA/DLC24_Data/tiny_all_bird_merged_coco/images/00000204_15.jpg,cowbird
3,-0.03493931682741948,0.6912604186387796,3,/home/dikra/media/dikra/PhD/DATA/DLC24_Data/tiny_all_bird_merged_coco/images/00000204_15.jpg,cowbird
3,1.0872219478885996,0.14846336278786976,3,/home/dikra/media/dikra/PhD/DATA/DLC24_Data/tiny_all_bird_merged_coco/images/00000283_19.jpg,cowbird
3,3.5431293518977727,0.007026258286463163,3,/home/dikra/media/dikra/PhD/DATA/DLC24_Data/tiny_all_bird_merged_coco/images/00000283_19.jpg,cowbird
3,2.9035871492655296,0.5538697206255578,3,/home/dikra/media/dikra/PhD/DATA/DLC24_Data/tiny_all_bird_merged_coco/images/00000283_19.jpg,cowbird
0,6.384052485397021,0.555844268931369,0,/home/dikra/media/dikra/PhD/DATA/DLC24_Data/tiny_all_bird_merged_coco/images/00000283_19.jpg,cowbird
3,2.7821478995629336,1.257832222811646,3,/home/dikra/media/dikra/PhD/DATA/DLC24_Data/tiny_all_bird_merged_coco/images/00000283_19.jpg,cowbird
3,4.388772968688051,0.441095186696827,3,/home/dikra/media/dikra/PhD/DATA/DLC24_Data/tiny_all_bird_merged_coco/images/00000283_19.jpg,cowbird
3,4.057822051778935,0.4586755894719653,3,/home/dikra/media/dikra/PhD/DATA/DLC24_Data/tiny_all_bird_merged_coco/images/00000283_19.jpg,cowbird
0,5.664067469353668,0.5924464837271675,0,/home/dikra/media/dikra/PhD/DATA/DLC24_Data/tiny_all_bird_merged_coco/images/00000283_19.jpg,cowbird
0,7.515837593643281,0.5130493733397541,0,/home/dikra/media/dikra/PhD/DATA/DLC24_Data/tiny_all_bird_merged_coco/images/00000283_19.jpg,cowbird
0,7.283110972598939,0.5163792684348725,0,/home/dikra/media/dikra/PhD/DATA/DLC24_Data/tiny_all_bird_merged_coco/images/00000283_19.jpg,cowbird
0,7.732957231279588,0.4913908361928989,0,/home/dikra/media/dikra/PhD/DATA/DLC24_Data/tiny_all_bird_merged_coco/images/00000283_19.jpg,cowbird
0,6.0212114598032604,0.04090929935270725,0,/home/dikra/media/dikra/PhD/DATA/DLC24_Data/tiny_all_bird_merged_coco/images/00000913_25.jpg,cowbird
0,6.2594367662555985,0.7412448521894957,0,/home/dikra/media/dikra/PhD/DATA/DLC24_Data/tiny_all_bird_merged_coco/images/00000913_25.jpg,cowbird
0,5.604760410832417,0.46270461435102905,0,/home/dikra/media/dikra/PhD/DATA/DLC24_Data/tiny_all_bird_merged_coco/images/00000913_25.jpg,cowbird
0,5.591963318063358,0.6069745370401223,0,/home/dikra/media/dikra/PhD/DATA/DLC24_Data/tiny_all_bird_merged_coco/images/00000913_25.jpg,cowbird
3,3.766117754792799,0.8912322119096551,3,/home/dikra/media/dikra/PhD/DATA/DLC24_Data/tiny_all_bird_merged_coco/images/00000913_25.jpg,cowbird
0,5.138959103339496,0.646529707554184,0,/home/dikra/media/dikra/PhD/DATA/DLC24_Data/tiny_all_bird_merged_coco/images/00000913_25.jpg,cowbird
3,2.995735933274115,0.529936880658901,3,/home/dikra/media/dikra/PhD/DATA/DLC24_Data/tiny_all_bird_merged_coco/images/00000913_25.jpg,cowbird
3,3.713959921970499,-0.23785490930104955,3,/home/dikra/media/dikra/PhD/DATA/DLC24_Data/tiny_all_bird_merged_coco/images/00000913_25.jpg,cowbird
3,2.9684848882921795,0.21044252021555035,3,/home/dikra/media/dikra/PhD/DATA/DLC24_Data/tiny_all_bird_merged_coco/images/00000913_25.jpg,cowbird
3,2.7190557445503836,0.4697285020477733,3,/home/dikra/media/dikra/PhD/DATA/DLC24_Data/tiny_all_bird_merged_coco/images/00000913_25.jpg,cowbird
3,1.4829037204913817,0.12361382041085493,3,/home/dikra/media/dikra/PhD/DATA/DLC24_Data/tiny_all_bird_merged_coco/images/00000913_25.jpg,cowbird
3,-0.17155020575253593,0.7007625892001946,3,/home/dikra/media/dikra/PhD/DATA/DLC24_Data/tiny_all_bird_merged_coco/images/00000913_25.jpg,cowbird
3,3.919678451953078,1.106164272079878,3,/home/dikra/media/dikra/PhD/DATA/DLC24_Data/tiny_all_bird_merged_coco/images/00000829_27.jpg,cowbird
3,0.5756572832611714,1.1925824515832801,3,/home/dikra/media/dikra/PhD/DATA/DLC24_Data/tiny_all_bird_merged_coco/images/00000239_28.jpg,cowbird
3,-0.9795053987154502,0.9326568972159163,3,/home/dikra/media/dikra/PhD/DATA/DLC24_Data/tiny_all_bird_merged_coco/images/00000239_28.jpg,cowbird
0,6.88437098569021,-0.4450041992832511,0,/home/dikra/media/dikra/PhD/DATA/DLC24_Data/tiny_all_bird_merged_coco/images/00000281_29.jpg,cowbird
0,5.59011356849335,-0.11131000411193523,0,/home/dikra/media/dikra/PhD/DATA/DLC24_Data/tiny_all_bird_merged_coco/images/00000281_29.jpg,cowbird
0,5.610601216826409,-0.01043130999402255,0,/home/dikra/media/dikra/PhD/DATA/DLC24_Data/tiny_all_bird_merged_coco/images/00000281_29.jpg,cowbird
3,4.657563995918386,0.5169734684569883,3,/home/dikra/media/dikra/PhD/DATA/DLC24_Data/tiny_all_bird_merged_coco/images/00000281_29.jpg,cowbird
3,4.337369280973265,1.021095406291083,3,/home/dikra/media/dikra/PhD/DATA/DLC24_Data/tiny_all_bird_merged_coco/images/00000281_29.jpg,cowbird
0,6.840693164429561,0.6051446818700461,0,/home/dikra/media/dikra/PhD/DATA/DLC24_Data/tiny_all_bird_merged_coco/images/00000281_29.jpg,cowbird
0,5.704385395485083,0.6121785940038821,0,/home/dikra/media/dikra/PhD/DATA/DLC24_Data/tiny_all_bird_merged_coco/images/00000281_29.jpg,cowbird
3,2.827774874487516,0.6918095640587804,3,/home/dikra/media/dikra/PhD/DATA/DLC24_Data/tiny_all_bird_merged_coco/images/00000281_29.jpg,cowbird
3,4.42579931078764,0.6879012346699538,3,/home/dikra/media/dikra/PhD/DATA/DLC24_Data/tiny_all_bird_merged_coco/images/00000281_29.jpg,cowbird
3,4.284281231477875,0.8558918620081536,3,/home/dikra/media/dikra/PhD/DATA/DLC24_Data/tiny_all_bird_merged_coco/images/00000281_29.jpg,cowbird
3,2.4214718804490882,1.4794133288475013,3,/home/dikra/media/dikra/PhD/DATA/DLC24_Data/tiny_all_bird_merged_coco/images/00000302_32.jpg,cowbird
0,7.323531221852953,-0.5668341418659614,0,/home/dikra/media/dikra/PhD/DATA/DLC24_Data/tiny_all_bird_merged_coco/images/00000317_34.jpg,cowbird
0,7.992674106900921,-0.9087171703679365,0,/home/dikra/media/dikra/PhD/DATA/DLC24_Data/tiny_all_bird_merged_coco/images/00000317_34.jpg,cowbird
0,8.414867808202027,-0.9320070555489576,0,/home/dikra/media/dikra/PhD/DATA/DLC24_Data/tiny_all_bird_merged_coco/images/00000317_34.jpg,cowbird
3,4.83055032927563,1.3230936079753186,3,/home/dikra/media/dikra/PhD/DATA/DLC24_Data/tiny_all_bird_merged_coco/images/00000317_34.jpg,cowbird
3,4.964967123969073,1.2032028849033343,3,/home/dikra/media/dikra/PhD/DATA/DLC24_Data/tiny_all_bird_merged_coco/images/00000317_34.jpg,cowbird
3,3.4755745535405844,0.1498576687345521,3,/home/dikra/media/dikra/PhD/DATA/DLC24_Data/tiny_all_bird_merged_coco/images/00000828_35.jpg,cowbird
3,4.6765888096023405,0.4799008428374059,3,/home/dikra/media/dikra/PhD/DATA/DLC24_Data/tiny_all_bird_merged_coco/images/00000828_35.jpg,cowbird
3,3.0747664996147663,0.5576084829436736,3,/home/dikra/media/dikra/PhD/DATA/DLC24_Data/tiny_all_bird_merged_coco/images/00000828_35.jpg,cowbird
0,5.57367820565928,0.9915310780802303,0,/home/dikra/media/dikra/PhD/DATA/DLC24_Data/tiny_all_bird_merged_coco/images/00000828_35.jpg,cowbird
3,2.7712211139876635,0.31337908371766354,3,/home/dikra/media/dikra/PhD/DATA/DLC24_Data/tiny_all_bird_merged_coco/images/00000828_35.jpg,cowbird
3,4.4582433878019545,0.9507675702140828,3,/home/dikra/media/dikra/PhD/DATA/DLC24_Data/tiny_all_bird_merged_coco/images/00000828_35.jpg,cowbird
3,0.24340766316841603,0.6859221345930889,3,/home/dikra/media/dikra/PhD/DATA/DLC24_Data/tiny_all_bird_merged_coco/images/00000828_35.jpg,cowbird
3,4.725813010637008,0.4676035592856615,3,/home/dikra/media/dikra/PhD/DATA/DLC24_Data/tiny_all_bird_merged_coco/images/00000828_35.jpg,cowbird
0,7.346270438997149,-1.2688754606097201,0,/home/dikra/media/dikra/PhD/DATA/DLC24_Data/tiny_all_bird_merged_coco/images/00000335_42.jpg,cowbird
0,8.396097827423159,-0.9453896449475542,0,/home/dikra/media/dikra/PhD/DATA/DLC24_Data/tiny_all_bird_merged_coco/images/00000335_42.jpg,cowbird
3,3.438540904161685,0.42825278073453554,3,/home/dikra/media/dikra/PhD/DATA/DLC24_Data/tiny_all_bird_merged_coco/images/00000335_42.jpg,cowbird
0,6.547037548113722,-1.052496449930769,0,/home/dikra/media/dikra/PhD/DATA/DLC24_Data/tiny_all_bird_merged_coco/images/00000335_42.jpg,cowbird
0,5.998010247234153,0.21730747761457386,0,/home/dikra/media/dikra/PhD/DATA/DLC24_Data/tiny_all_bird_merged_coco/images/00000890_43.jpg,cowbird
0,6.056872254859967,0.532713127322805,0,/home/dikra/media/dikra/PhD/DATA/DLC24_Data/tiny_all_bird_merged_coco/images/00000890_43.jpg,cowbird
3,3.6867827003308653,0.6501693930984783,3,/home/dikra/media/dikra/PhD/DATA/DLC24_Data/tiny_all_bird_merged_coco/images/00000890_43.jpg,cowbird
3,3.2304979819589135,0.2849732175852446,3,/home/dikra/media/dikra/PhD/DATA/DLC24_Data/tiny_all_bird_merged_coco/images/00000890_43.jpg,cowbird
3,2.642763905132004,0.4927524053547755,3,/home/dikra/media/dikra/PhD/DATA/DLC24_Data/tiny_all_bird_merged_coco/images/00000890_43.jpg,cowbird
3,3.41862683980662,0.6429388901986076,3,/home/dikra/media/dikra/PhD/DATA/DLC24_Data/tiny_all_bird_merged_coco/images/00000890_43.jpg,cowbird
3,0.4389196691077836,0.45113015264516443,3,/home/dikra/media/dikra/PhD/DATA/DLC24_Data/tiny_all_bird_merged_coco/images/00000890_43.jpg,cowbird
0,8.1469872586268,-1.1664426581052352,0,/home/dikra/media/dikra/PhD/DATA/DLC24_Data/tiny_all_bird_merged_coco/images/00000890_43.jpg,cowbird
3,3.833513155317549,-0.6014335416832605,3,/home/dikra/media/dikra/PhD/DATA/DLC24_Data/tiny_all_bird_merged_coco/images/00000267_49.jpg,cowbird
0,6.372924595649834,-0.5890658737601482,0,/home/dikra/media/dikra/PhD/DATA/DLC24_Data/tiny_all_bird_merged_coco/images/00000267_49.jpg,cowbird
0,5.983403851967245,-0.2401409971978818,0,/home/dikra/media/dikra/PhD/DATA/DLC24_Data/tiny_all_bird_merged_coco/images/00000267_49.jpg,cowbird
3,4.093292075456441,0.8344425407132663,3,/home/dikra/media/dikra/PhD/DATA/DLC24_Data/tiny_all_bird_merged_coco/images/00000267_49.jpg,cowbird
3,4.053027267227263,0.45473095074312836,3,/home/dikra/media/dikra/PhD/DATA/DLC24_Data/tiny_all_bird_merged_coco/images/00000267_49.jpg,cowbird
0,5.9326156025194345,0.5351062557368466,0,/home/dikra/media/dikra/PhD/DATA/DLC24_Data/tiny_all_bird_merged_coco/images/00000267_49.jpg,cowbird
0,6.274114701869583,0.5829372021279811,0,/home/dikra/media/dikra/PhD/DATA/DLC24_Data/tiny_all_bird_merged_coco/images/00000267_49.jpg,cowbird
3,1.9866940372975121,0.8070846391431914,3,/home/dikra/media/dikra/PhD/DATA/DLC24_Data/tiny_all_bird_merged_coco/images/00000267_49.jpg,cowbird
0,8.377366104325255,0.1542493153022106,0,/home/dikra/media/dikra/PhD/DATA/DLC24_Data/tiny_all_bird_merged_coco/images/00000267_49.jpg,cowbird
0,6.722880927591393,0.4418850226962499,0,/home/dikra/media/dikra/PhD/DATA/DLC24_Data/tiny_all_bird_merged_coco/images/00000267_49.jpg,cowbird
0,8.047840897921413,0.4323486557503911,0,/home/dikra/media/dikra/PhD/DATA/DLC24_Data/tiny_all_bird_merged_coco/images/00000267_49.jpg,cowbird
3,2.0594903311302852,1.1152953636657148,3,/home/dikra/media/dikra/PhD/DATA/DLC24_Data/tiny_all_bird_merged_coco/images/00000918_52.jpg,cowbird
3,1.4418386139429642,0.9941882259985888,3,/home/dikra/media/dikra/PhD/DATA/DLC24_Data/tiny_all_bird_merged_coco/images/00000918_52.jpg,cowbird
3,-1.1652960116075397,0.8224193758045973,3,/home/dikra/media/dikra/PhD/DATA/DLC24_Data/tiny_all_bird_merged_coco/images/00000918_52.jpg,cowbird
3,-0.1456110746397735,1.0352366051977173,3,/home/dikra/media/dikra/PhD/DATA/DLC24_Data/tiny_all_bird_merged_coco/images/00000918_52.jpg,cowbird
0,7.813756063903201,-0.3833938349948511,0,/home/dikra/media/dikra/PhD/DATA/DLC24_Data/tiny_all_bird_merged_coco/images/00000346_53.jpg,cowbird
0,7.960632353403967,-1.2464327257023569,0,/home/dikra/media/dikra/PhD/DATA/DLC24_Data/tiny_all_bird_merged_coco/images/00000346_53.jpg,cowbird
0,9.924606420742947,-0.7634514002869434,0,/home/dikra/media/dikra/PhD/DATA/DLC24_Data/tiny_all_bird_merged_coco/images/00000346_53.jpg,cowbird
0,7.021126545123341,1.3493072429597832,0,/home/dikra/media/dikra/PhD/DATA/DLC24_Data/tiny_all_bird_merged_coco/images/00000320_55.jpg,cowbird
3,-0.3127264140766337,1.123309901101941,3,/home/dikra/media/dikra/PhD/DATA/DLC24_Data/tiny_all_bird_merged_coco/images/00000320_55.jpg,cowbird
3,3.3616241795373014,1.0512571981841254,3,/home/dikra/media/dikra/PhD/DATA/DLC24_Data/tiny_all_bird_merged_coco/images/00000320_55.jpg,cowbird
3,2.7111711978143607,1.13020488008677,3,/home/dikra/media/dikra/PhD/DATA/DLC24_Data/tiny_all_bird_merged_coco/images/00000320_55.jpg,cowbird
3,1.3786050278187183,1.329478112860097,3,/home/dikra/media/dikra/PhD/DATA/DLC24_Data/tiny_all_bird_merged_coco/images/00000320_55.jpg,cowbird
0,5.262626516076441,-0.6440231834410971,0,/home/dikra/media/dikra/PhD/DATA/DLC24_Data/tiny_all_bird_merged_coco/images/00000318_63.jpg,cowbird
0,9.076052533034721,-1.01725559837004,0,/home/dikra/media/dikra/PhD/DATA/DLC24_Data/tiny_all_bird_merged_coco/images/00000318_63.jpg,cowbird
0,9.311418604625999,-1.4210258465140961,0,/home/dikra/media/dikra/PhD/DATA/DLC24_Data/tiny_all_bird_merged_coco/images/00000318_63.jpg,cowbird
3,4.763051484058267,1.3416455049446676,3,/home/dikra/media/dikra/PhD/DATA/DLC24_Data/tiny_all_bird_merged_coco/images/00000318_63.jpg,cowbird
3,2.6310281440098735,1.146594142787185,3,/home/dikra/media/dikra/PhD/DATA/DLC24_Data/tiny_all_bird_merged_coco/images/00000318_63.jpg,cowbird
3,2.6199716763618324,1.2132859674637095,3,/home/dikra/media/dikra/PhD/DATA/DLC24_Data/tiny_all_bird_merged_coco/images/00000318_63.jpg,cowbird
3,2.25642329745866,1.5992512803678793,3,/home/dikra/media/dikra/PhD/DATA/DLC24_Data/tiny_all_bird_merged_coco/images/00000304_64.jpg,cowbird
3,3.3981627030513266,1.1201270674676973,3,/home/dikra/media/dikra/PhD/DATA/DLC24_Data/tiny_all_bird_merged_coco/images/00000304_64.jpg,cowbird
3,1.9202357438517563,1.2654977058148646,3,/home/dikra/media/dikra/PhD/DATA/DLC24_Data/tiny_all_bird_merged_coco/images/00000304_64.jpg,cowbird
3,1.6687220230305413,1.048480527979975,3,/home/dikra/media/dikra/PhD/DATA/DLC24_Data/tiny_all_bird_merged_coco/images/00000304_64.jpg,cowbird
3,3.55750934257369,1.366854834683649,3,/home/dikra/media/dikra/PhD/DATA/DLC24_Data/tiny_all_bird_merged_coco/images/00000304_64.jpg,cowbird
3,2.358853432743037,1.2733683036155357,3,/home/dikra/media/dikra/PhD/DATA/DLC24_Data/tiny_all_bird_merged_coco/images/00000304_64.jpg,cowbird
3,1.5725809742805146,0.9725895927489605,3,/home/dikra/media/dikra/PhD/DATA/DLC24_Data/tiny_all_bird_merged_coco/images/00000304_64.jpg,cowbird
3,3.274390780330137,0.9923004189735433,3,/home/dikra/media/dikra/PhD/DATA/DLC24_Data/tiny_all_bird_merged_coco/images/00000304_64.jpg,cowbird
3,-1.2630429275363877,0.8881689524217063,3,/home/dikra/media/dikra/PhD/DATA/DLC24_Data/tiny_all_bird_merged_coco/images/00000207_68.jpg,cowbird
3,2.7448654288306953,1.6674001346004466,3,/home/dikra/media/dikra/PhD/DATA/DLC24_Data/tiny_all_bird_merged_coco/images/00000269_75.jpg,cowbird
0,5.911315324502129,1.44116655399765,0,/home/dikra/media/dikra/PhD/DATA/DLC24_Data/tiny_all_bird_merged_coco/images/00000269_75.jpg,cowbird
3,4.7037569201654446,1.5552858955333142,3,/home/dikra/media/dikra/PhD/DATA/DLC24_Data/tiny_all_bird_merged_coco/images/00000269_75.jpg,cowbird
0,9.261368001730984,0.15241850662961307,0,/home/dikra/media/dikra/PhD/DATA/DLC24_Data/tiny_all_bird_merged_coco/images/00000284_83.jpg,cowbird
0,7.937782484393839,0.6050026041139152,0,/home/dikra/media/dikra/PhD/DATA/DLC24_Data/tiny_all_bird_merged_coco/images/00000284_83.jpg,cowbird
0,7.606553569482949,0.6781648348607986,0,/home/dikra/media/dikra/PhD/DATA/DLC24_Data/tiny_all_bird_merged_coco/images/00000284_83.jpg,cowbird
0,7.51614910176496,0.6681348954780212,0,/home/dikra/media/dikra/PhD/DATA/DLC24_Data/tiny_all_bird_merged_coco/images/00000284_83.jpg,cowbird
0,5.843379982923438,0.7150071182201543,0,/home/dikra/media/dikra/PhD/DATA/DLC24_Data/tiny_all_bird_merged_coco/images/00000284_83.jpg,cowbird
0,5.539149708261113,0.7990561337431251,0,/home/dikra/media/dikra/PhD/DATA/DLC24_Data/tiny_all_bird_merged_coco/images/00000284_83.jpg,cowbird
0,5.247780404170825,0.7077050857548961,0,/home/dikra/media/dikra/PhD/DATA/DLC24_Data/tiny_all_bird_merged_coco/images/00000284_83.jpg,cowbird
3,3.7302497326554906,0.5728448200256062,3,/home/dikra/media/dikra/PhD/DATA/DLC24_Data/tiny_all_bird_merged_coco/images/00000284_83.jpg,cowbird
0,5.280048683232427,-1.2533560824346426,0,/home/dikra/media/dikra/PhD/DATA/DLC24_Data/tiny_all_bird_merged_coco/images/00000352_86.jpg,cowbird
0,5.758444256707798,-1.3600546699635756,0,/home/dikra/media/dikra/PhD/DATA/DLC24_Data/tiny_all_bird_merged_coco/images/00000352_86.jpg,cowbird
0,9.11529299428371,-1.2299985190264693,0,/home/dikra/media/dikra/PhD/DATA/DLC24_Data/tiny_all_bird_merged_coco/images/00000352_86.jpg,cowbird
0,8.448960510221893,-1.5078891070533618,0,/home/dikra/media/dikra/PhD/DATA/DLC24_Data/tiny_all_bird_merged_coco/images/00000352_86.jpg,cowbird
0,8.930443476706495,-1.5585711231773374,0,/home/dikra/media/dikra/PhD/DATA/DLC24_Data/tiny_all_bird_merged_coco/images/00000352_86.jpg,cowbird
0,7.238040363794266,-1.9913356470674897,0,/home/dikra/media/dikra/PhD/DATA/DLC24_Data/tiny_all_bird_merged_coco/images/00000352_86.jpg,cowbird
0,7.959076955000577,-0.8175807519397733,0,/home/dikra/media/dikra/PhD/DATA/DLC24_Data/tiny_all_bird_merged_coco/images/00000352_86.jpg,cowbird
3,1.3908094703533993,0.9122931208792892,3,/home/dikra/media/dikra/PhD/DATA/DLC24_Data/tiny_all_bird_merged_coco/images/00000352_86.jpg,cowbird
3,1.4575598926290776,0.5581086127938141,3,/home/dikra/media/dikra/PhD/DATA/DLC24_Data/tiny_all_bird_merged_coco/images/00000352_86.jpg,cowbird
3,3.2147944637042514,1.0152995215615646,3,/home/dikra/media/dikra/PhD/DATA/DLC24_Data/tiny_all_bird_merged_coco/images/00000288_88.jpg,cowbird
3,3.2568990419452684,1.0623049625586336,3,/home/dikra/media/dikra/PhD/DATA/DLC24_Data/tiny_all_bird_merged_coco/images/00000288_88.jpg,cowbird
3,4.046168667515048,1.156228742740495,3,/home/dikra/media/dikra/PhD/DATA/DLC24_Data/tiny_all_bird_merged_coco/images/00000288_88.jpg,cowbird
3,0.3957879189212746,1.2405874252210618,3,/home/dikra/media/dikra/PhD/DATA/DLC24_Data/tiny_all_bird_merged_coco/images/00000288_88.jpg,cowbird
0,6.969814384154916,1.3937189460312882,0,/home/dikra/media/dikra/PhD/DATA/DLC24_Data/tiny_all_bird_merged_coco/images/00000288_88.jpg,cowbird
0,8.692984698550328,-1.3393226991578966,0,/home/dikra/media/dikra/PhD/DATA/DLC24_Data/tiny_all_bird_merged_coco/images/00000894_91.jpg,cowbird
0,11.420140450647635,-1.7494472643285086,0,/home/dikra/media/dikra/PhD/DATA/DLC24_Data/tiny_all_bird_merged_coco/images/00000894_91.jpg,cowbird
0,9.277206927014666,-1.4196948229035586,0,/home/dikra/media/dikra/PhD/DATA/DLC24_Data/tiny_all_bird_merged_coco/images/00000894_91.jpg,cowbird
3,5.089937508663642,1.2804907257672185,3,/home/dikra/media/dikra/PhD/DATA/DLC24_Data/tiny_all_bird_merged_coco/images/00000894_91.jpg,cowbird
0,6.973127765118624,-0.22598325477998576,0,/home/dikra/media/dikra/PhD/DATA/DLC24_Data/tiny_all_bird_merged_coco/images/00000364_92.jpg,cowbird
0,5.188052572627832,0.4938647507928354,0,/home/dikra/media/dikra/PhD/DATA/DLC24_Data/tiny_all_bird_merged_coco/images/00000364_92.jpg,cowbird
3,3.9337594395290254,0.38101981334913054,3,/home/dikra/media/dikra/PhD/DATA/DLC24_Data/tiny_all_bird_merged_coco/images/00000364_92.jpg,cowbird
3,2.65076231904208,0.28149024783493787,3,/home/dikra/media/dikra/PhD/DATA/DLC24_Data/tiny_all_bird_merged_coco/images/00000364_92.jpg,cowbird
3,1.754559630092629,0.425223840319979,3,/home/dikra/media/dikra/PhD/DATA/DLC24_Data/tiny_all_bird_merged_coco/images/00000364_92.jpg,cowbird
3,3.560943582402984,0.5012022019259036,3,/home/dikra/media/dikra/PhD/DATA/DLC24_Data/tiny_all_bird_merged_coco/images/00000364_92.jpg,cowbird
3,2.945979604983929,0.19988279398069736,3,/home/dikra/media/dikra/PhD/DATA/DLC24_Data/tiny_all_bird_merged_coco/images/00000364_92.jpg,cowbird
3,-1.2909049901106935,0.5737911780832664,3,/home/dikra/media/dikra/PhD/DATA/DLC24_Data/tiny_all_bird_merged_coco/images/00000364_92.jpg,cowbird
3,1.8849909869923311,0.2816871587813154,3,/home/dikra/media/dikra/PhD/DATA/DLC24_Data/tiny_all_bird_merged_coco/images/00000364_92.jpg,cowbird
3,0.7537480495080087,0.3744942995889476,3,/home/dikra/media/dikra/PhD/DATA/DLC24_Data/tiny_all_bird_merged_coco/images/00000364_92.jpg,cowbird
3,1.1297426414250094,0.7218003808142772,3,/home/dikra/media/dikra/PhD/DATA/DLC24_Data/tiny_all_bird_merged_coco/images/00000364_92.jpg,cowbird
3,4.28155276055218,-0.6576660160116008,3,/home/dikra/media/dikra/PhD/DATA/DLC24_Data/tiny_all_bird_merged_coco/images/00000361_93.jpg,cowbird
3,3.0157925461311876,0.45867899537945306,3,/home/dikra/media/dikra/PhD/DATA/DLC24_Data/tiny_all_bird_merged_coco/images/00000361_93.jpg,cowbird
3,3.722236499520681,0.510312967253674,3,/home/dikra/media/dikra/PhD/DATA/DLC24_Data/tiny_all_bird_merged_coco/images/00000361_93.jpg,cowbird
3,2.349935053415853,0.33517691007334516,3,/home/dikra/media/dikra/PhD/DATA/DLC24_Data/tiny_all_bird_merged_coco/images/00000361_93.jpg,cowbird
3,1.8870060938418958,0.510582136953511,3,/home/dikra/media/dikra/PhD/DATA/DLC24_Data/tiny_all_bird_merged_coco/images/00000361_93.jpg,cowbird
3,3.6064537183939933,0.39656976809919575,3,/home/dikra/media/dikra/PhD/DATA/DLC24_Data/tiny_all_bird_merged_coco/images/00000361_93.jpg,cowbird
0,5.1949564704800535,0.7325034213890891,0,/home/dikra/media/dikra/PhD/DATA/DLC24_Data/tiny_all_bird_merged_coco/images/00000361_93.jpg,cowbird
3,4.67337212086362,0.23678241920669027,3,/home/dikra/media/dikra/PhD/DATA/DLC24_Data/tiny_all_bird_merged_coco/images/00000361_93.jpg,cowbird
3,2.7088936987077354,-0.3033942174374436,3,/home/dikra/media/dikra/PhD/DATA/DLC24_Data/tiny_all_bird_merged_coco/images/00000361_93.jpg,cowbird
3,3.017129587958335,-0.18833246209927912,3,/home/dikra/media/dikra/PhD/DATA/DLC24_Data/tiny_all_bird_merged_coco/images/00000889_94.jpg,cowbird
3,1.5022462888220136,0.5035248975058932,3,/home/dikra/media/dikra/PhD/DATA/DLC24_Data/tiny_all_bird_merged_coco/images/00000889_94.jpg,cowbird
3,4.912101595256382,0.641274725985444,3,/home/dikra/media/dikra/PhD/DATA/DLC24_Data/tiny_all_bird_merged_coco/images/00000889_94.jpg,cowbird
0,6.049974795810432,0.6956366402606918,0,/home/dikra/media/dikra/PhD/DATA/DLC24_Data/tiny_all_bird_merged_coco/images/00000889_94.jpg,cowbird
0,5.044863040671609,0.60657187288424,0,/home/dikra/media/dikra/PhD/DATA/DLC24_Data/tiny_all_bird_merged_coco/images/00000889_94.jpg,cowbird
0,6.2924387480382435,0.6203500597937383,0,/home/dikra/media/dikra/PhD/DATA/DLC24_Data/tiny_all_bird_merged_coco/images/00000889_94.jpg,cowbird
0,6.614109193509313,0.7993715756825818,0,/home/dikra/media/dikra/PhD/DATA/DLC24_Data/tiny_all_bird_merged_coco/images/00000889_94.jpg,cowbird
0,5.560586295130108,1.0670526959138082,0,/home/dikra/media/dikra/PhD/DATA/DLC24_Data/tiny_all_bird_merged_coco/images/00000889_94.jpg,cowbird
0,7.918185030436572,-1.1544512083840803,0,/home/dikra/media/dikra/PhD/DATA/DLC24_Data/tiny_all_bird_merged_coco/images/00000889_94.jpg,cowbird
2,-3.753667215009653,1.780625755826126,2,/home/dikra/media/dikra/PhD/DATA/DLC24_Data/tiny_all_bird_merged_coco/images/Least_Auklet_0008_795071_200.jpg,CUB_200_2011
2,-5.502698831835602,3.164035506347865,2,/home/dikra/media/dikra/PhD/DATA/DLC24_Data/tiny_all_bird_merged_coco/images/Brewer_Blackbird_0026_2625_201.jpg,CUB_200_2011
2,-4.808004492404162,0.489962836705969,2,/home/dikra/media/dikra/PhD/DATA/DLC24_Data/tiny_all_bird_merged_coco/images/Yellow_Headed_Blackbird_0091_8555_202.jpg,CUB_200_2011
2,-5.6612970075474776,1.9620508761740079,2,/home/dikra/media/dikra/PhD/DATA/DLC24_Data/tiny_all_bird_merged_coco/images/Lazuli_Bunting_0004_14887_203.jpg,CUB_200_2011
2,-5.182506474289325,2.0017660440928564,2,/home/dikra/media/dikra/PhD/DATA/DLC24_Data/tiny_all_bird_merged_coco/images/Cardinal_0019_17368_204.jpg,CUB_200_2011
2,-6.312552936902615,3.897214243889625,2,/home/dikra/media/dikra/PhD/DATA/DLC24_Data/tiny_all_bird_merged_coco/images/Cardinal_0057_17128_205.jpg,CUB_200_2011
2,-5.425087183997769,2.979492121592514,2,/home/dikra/media/dikra/PhD/DATA/DLC24_Data/tiny_all_bird_merged_coco/images/Spotted_Catbird_0004_796804_206.jpg,CUB_200_2011
2,-4.752594748911379,3.0848606788318205,2,/home/dikra/media/dikra/PhD/DATA/DLC24_Data/tiny_all_bird_merged_coco/images/Gray_Catbird_0107_20513_207.jpg,CUB_200_2011
2,-5.228378817194872,3.573678893617194,2,/home/dikra/media/dikra/PhD/DATA/DLC24_Data/tiny_all_bird_merged_coco/images/Eastern_Towhee_0030_22693_208.jpg,CUB_200_2011
2,-5.200310662078826,2.8131891415913426,2,/home/dikra/media/dikra/PhD/DATA/DLC24_Data/tiny_all_bird_merged_coco/images/Bronzed_Cowbird_0085_24152_209.jpg,CUB_200_2011
2,-5.5838929914533,3.0562780863038115,2,/home/dikra/media/dikra/PhD/DATA/DLC24_Data/tiny_all_bird_merged_coco/images/Bronzed_Cowbird_0052_796216_210.jpg,CUB_200_2011
2,-5.465671236277481,2.1232859449555668,2,/home/dikra/media/dikra/PhD/DATA/DLC24_Data/tiny_all_bird_merged_coco/images/Shiny_Cowbird_0076_24363_211.jpg,CUB_200_2011
2,-5.608186863567593,3.1222855849287217,2,/home/dikra/media/dikra/PhD/DATA/DLC24_Data/tiny_all_bird_merged_coco/images/Fish_Crow_0011_25866_212.jpg,CUB_200_2011
2,-4.990474199739479,1.8455088901372523,2,/home/dikra/media/dikra/PhD/DATA/DLC24_Data/tiny_all_bird_merged_coco/images/Black_Billed_Cuckoo_0092_795313_213.jpg,CUB_200_2011
2,-5.640339635842321,2.139840081066881,2,/home/dikra/media/dikra/PhD/DATA/DLC24_Data/tiny_all_bird_merged_coco/images/Gray_Crowned_Rosy_Finch_0074_27156_214.jpg,CUB_200_2011
2,-5.810593996553759,3.1653470626586326,2,/home/dikra/media/dikra/PhD/DATA/DLC24_Data/tiny_all_bird_merged_coco/images/Northern_Flicker_0016_28603_215.jpg,CUB_200_2011
2,-5.103929337910969,3.6536892641595746,2,/home/dikra/media/dikra/PhD/DATA/DLC24_Data/tiny_all_bird_merged_coco/images/Great_Crested_Flycatcher_0086_29518_216.jpg,CUB_200_2011
2,-5.389575437389033,3.6649347020717142,2,/home/dikra/media/dikra/PhD/DATA/DLC24_Data/tiny_all_bird_merged_coco/images/Yellow_Bellied_Flycatcher_0019_795512_217.jpg,CUB_200_2011
2,-4.31877298136538,0.9808529606475235,2,/home/dikra/media/dikra/PhD/DATA/DLC24_Data/tiny_all_bird_merged_coco/images/Frigatebird_0057_43016_218.jpg,CUB_200_2011
2,-3.511007447832797,0.5887531553692084,2,/home/dikra/media/dikra/PhD/DATA/DLC24_Data/tiny_all_bird_merged_coco/images/Gadwall_0069_31291_219.jpg,CUB_200_2011
2,-3.450471525074539,1.0404777617028649,2,/home/dikra/media/dikra/PhD/DATA/DLC24_Data/tiny_all_bird_merged_coco/images/Pied_Billed_Grebe_0114_35493_220.jpg,CUB_200_2011
2,-5.296810313615371,2.8570925701742684,2,/home/dikra/media/dikra/PhD/DATA/DLC24_Data/tiny_all_bird_merged_coco/images/Evening_Grosbeak_0027_37824_221.jpg,CUB_200_2011
2,-6.446081530248241,3.7813400765795913,2,/home/dikra/media/dikra/PhD/DATA/DLC24_Data/tiny_all_bird_merged_coco/images/California_Gull_0029_41506_222.jpg,CUB_200_2011
2,-5.754490390681439,3.3455616275279927,2,/home/dikra/media/dikra/PhD/DATA/DLC24_Data/tiny_all_bird_merged_coco/images/California_Gull_0093_41111_223.jpg,CUB_200_2011
2,-6.333208775286082,4.42443152525892,2,/home/dikra/media/dikra/PhD/DATA/DLC24_Data/tiny_all_bird_merged_coco/images/Herring_Gull_0084_46406_224.jpg,CUB_200_2011
2,-5.199624620302084,2.999938248206091,2,/home/dikra/media/dikra/PhD/DATA/DLC24_Data/tiny_all_bird_merged_coco/images/Herring_Gull_0010_46425_225.jpg,CUB_200_2011
2,-5.9116074330337245,3.5330946675957464,2,/home/dikra/media/dikra/PhD/DATA/DLC24_Data/tiny_all_bird_merged_coco/images/Slaty_Backed_Gull_0020_796012_226.jpg,CUB_200_2011
2,-5.642047804120985,3.2166753655107296,2,/home/dikra/media/dikra/PhD/DATA/DLC24_Data/tiny_all_bird_merged_coco/images/Western_Gull_0042_53843_227.jpg,CUB_200_2011
2,-6.1627322612040185,3.537294712734959,2,/home/dikra/media/dikra/PhD/DATA/DLC24_Data/tiny_all_bird_merged_coco/images/Western_Gull_0022_54607_228.jpg,CUB_200_2011
2,-6.065040053289475,3.3749189254396588,2,/home/dikra/media/dikra/PhD/DATA/DLC24_Data/tiny_all_bird_merged_coco/images/Ruby_Throated_Hummingbird_0042_57431_229.jpg,CUB_200_2011
2,-5.19671933626537,1.8012312644656459,2,/home/dikra/media/dikra/PhD/DATA/DLC24_Data/tiny_all_bird_merged_coco/images/Rufous_Hummingbird_0109_60021_230.jpg,CUB_200_2011
2,-5.126959967760849,2.640817129598366,2,/home/dikra/media/dikra/PhD/DATA/DLC24_Data/tiny_all_bird_merged_coco/images/Rufous_Hummingbird_0127_59587_231.jpg,CUB_200_2011
2,-5.825166157054813,3.5353783610166305,2,/home/dikra/media/dikra/PhD/DATA/DLC24_Data/tiny_all_bird_merged_coco/images/Blue_Jay_0024_63167_232.jpg,CUB_200_2011
2,-5.267837059716649,2.796774040749287,2,/home/dikra/media/dikra/PhD/DATA/DLC24_Data/tiny_all_bird_merged_coco/images/Green_Jay_0128_65629_233.jpg,CUB_200_2011
2,-5.102509582453301,3.4992151801241205,2,/home/dikra/media/dikra/PhD/DATA/DLC24_Data/tiny_all_bird_merged_coco/images/Tropical_Kingbird_0010_69583_234.jpg,CUB_200_2011
2,-4.287092942447682,0.3747060137107219,2,/home/dikra/media/dikra/PhD/DATA/DLC24_Data/tiny_all_bird_merged_coco/images/Belted_Kingfisher_0011_70923_235.jpg,CUB_200_2011
2,-4.035881700080524,0.8457475504586377,2,/home/dikra/media/dikra/PhD/DATA/DLC24_Data/tiny_all_bird_merged_coco/images/Ringed_Kingfisher_0094_72998_236.jpg,CUB_200_2011
2,-5.295392322989201,1.968493348037705,2,/home/dikra/media/dikra/PhD/DATA/DLC24_Data/tiny_all_bird_merged_coco/images/White_Breasted_Kingfisher_0118_73511_237.jpg,CUB_200_2011
2,-5.594778422698304,3.1359268281014256,2,/home/dikra/media/dikra/PhD/DATA/DLC24_Data/tiny_all_bird_merged_coco/images/Horned_Lark_0127_74414_238.jpg,CUB_200_2011
2,-3.856629030249501,0.7287060325894479,2,/home/dikra/media/dikra/PhD/DATA/DLC24_Data/tiny_all_bird_merged_coco/images/Hooded_Merganser_0036_796771_239.jpg,CUB_200_2011
2,-5.6686400243361765,2.1597582325223637,2,/home/dikra/media/dikra/PhD/DATA/DLC24_Data/tiny_all_bird_merged_coco/images/Nighthawk_0014_82624_240.jpg,CUB_200_2011
2,-4.644836037738231,2.511960995343228,2,/home/dikra/media/dikra/PhD/DATA/DLC24_Data/tiny_all_bird_merged_coco/images/Nighthawk_0012_84333_241.jpg,CUB_200_2011
2,-5.3199561773358885,2.876753367858197,2,/home/dikra/media/dikra/PhD/DATA/DLC24_Data/tiny_all_bird_merged_coco/images/Clark_Nutcracker_0063_84869_242.jpg,CUB_200_2011
2,-5.723373826713623,3.27495608781623,2,/home/dikra/media/dikra/PhD/DATA/DLC24_Data/tiny_all_bird_merged_coco/images/White_Breasted_Nuthatch_0055_86075_243.jpg,CUB_200_2011
2,-4.171311423458554,1.39659073940189,2,/home/dikra/media/dikra/PhD/DATA/DLC24_Data/tiny_all_bird_merged_coco/images/Baltimore_Oriole_0027_87561_244.jpg,CUB_200_2011
2,-4.86681097146505,3.250516778172567,2,/home/dikra/media/dikra/PhD/DATA/DLC24_Data/tiny_all_bird_merged_coco/images/Orchard_Oriole_0024_91755_245.jpg,CUB_200_2011
2,-5.134857809352303,2.905840726524113,2,/home/dikra/media/dikra/PhD/DATA/DLC24_Data/tiny_all_bird_merged_coco/images/Ovenbird_0004_92868_246.jpg,CUB_200_2011
2,-5.433508209247241,2.792635633326642,2,/home/dikra/media/dikra/PhD/DATA/DLC24_Data/tiny_all_bird_merged_coco/images/Brown_Pelican_0103_94787_247.jpg,CUB_200_2011
2,-4.266787685857499,2.511046398145897,2,/home/dikra/media/dikra/PhD/DATA/DLC24_Data/tiny_all_bird_merged_coco/images/Western_Wood_Pewee_0040_795051_248.jpg,CUB_200_2011
2,-3.4013811176541804,1.1299586644884458,2,/home/dikra/media/dikra/PhD/DATA/DLC24_Data/tiny_all_bird_merged_coco/images/Whip_Poor_Will_0001_796411_249.jpg,CUB_200_2011
2,-5.236725226280363,2.9763069768328125,2,/home/dikra/media/dikra/PhD/DATA/DLC24_Data/tiny_all_bird_merged_coco/images/Common_Raven_0028_102452_250.jpg,CUB_200_2011
2,-6.065812440952214,3.5032951566576287,2,/home/dikra/media/dikra/PhD/DATA/DLC24_Data/tiny_all_bird_merged_coco/images/Common_Raven_0079_101100_251.jpg,CUB_200_2011
2,-5.28238770589456,3.6311909886970968,2,/home/dikra/media/dikra/PhD/DATA/DLC24_Data/tiny_all_bird_merged_coco/images/Loggerhead_Shrike_0041_105002_252.jpg,CUB_200_2011
2,-4.550517422529097,2.879902018309734,2,/home/dikra/media/dikra/PhD/DATA/DLC24_Data/tiny_all_bird_merged_coco/images/Field_Sparrow_0066_114109_253.jpg,CUB_200_2011
2,-3.7552655050228,1.4152105254319234,2,/home/dikra/media/dikra/PhD/DATA/DLC24_Data/tiny_all_bird_merged_coco/images/Fox_Sparrow_0124_114662_254.jpg,CUB_200_2011
2,-3.894249492807183,1.7500552830439582,2,/home/dikra/media/dikra/PhD/DATA/DLC24_Data/tiny_all_bird_merged_coco/images/Grasshopper_Sparrow_0081_116326_255.jpg,CUB_200_2011
2,-5.832603559588965,4.459484955601818,2,/home/dikra/media/dikra/PhD/DATA/DLC24_Data/tiny_all_bird_merged_coco/images/Harris_Sparrow_0052_116544_256.jpg,CUB_200_2011
2,-5.146738952052863,3.2629092497142658,2,/home/dikra/media/dikra/PhD/DATA/DLC24_Data/tiny_all_bird_merged_coco/images/Seaside_Sparrow_0005_796516_257.jpg,CUB_200_2011
2,-5.07204511056664,3.3889040496113205,2,/home/dikra/media/dikra/PhD/DATA/DLC24_Data/tiny_all_bird_merged_coco/images/Seaside_Sparrow_0064_120813_258.jpg,CUB_200_2011
2,-4.053760433743691,0.8149348402778392,2,/home/dikra/media/dikra/PhD/DATA/DLC24_Data/tiny_all_bird_merged_coco/images/White_Crowned_Sparrow_0072_127080_259.jpg,CUB_200_2011
2,-5.627234838449766,3.3750123747340885,2,/home/dikra/media/dikra/PhD/DATA/DLC24_Data/tiny_all_bird_merged_coco/images/White_Crowned_Sparrow_0119_126932_260.jpg,CUB_200_2011
2,-4.897794038921675,2.96007391232222,2,/home/dikra/media/dikra/PhD/DATA/DLC24_Data/tiny_all_bird_merged_coco/images/Cape_Glossy_Starling_0046_129434_261.jpg,CUB_200_2011
2,-5.024132395823059,3.3443245366034047,2,/home/dikra/media/dikra/PhD/DATA/DLC24_Data/tiny_all_bird_merged_coco/images/Cliff_Swallow_0108_133902_262.jpg,CUB_200_2011
2,-3.802099882075984,0.9819664035304508,2,/home/dikra/media/dikra/PhD/DATA/DLC24_Data/tiny_all_bird_merged_coco/images/Scarlet_Tanager_0075_137602_263.jpg,CUB_200_2011
2,-6.726933290406118,4.263676559915371,2,/home/dikra/media/dikra/PhD/DATA/DLC24_Data/tiny_all_bird_merged_coco/images/Black_Tern_0090_143880_264.jpg,CUB_200_2011
2,-5.203200323634092,3.5905605838273917,2,/home/dikra/media/dikra/PhD/DATA/DLC24_Data/tiny_all_bird_merged_coco/images/Caspian_Tern_0049_145755_265.jpg,CUB_200_2011
2,-5.558762236108204,3.7265678909685116,2,/home/dikra/media/dikra/PhD/DATA/DLC24_Data/tiny_all_bird_merged_coco/images/Forsters_Tern_0062_151780_266.jpg,CUB_200_2011
2,-5.647653837505923,3.866081457086612,2,/home/dikra/media/dikra/PhD/DATA/DLC24_Data/tiny_all_bird_merged_coco/images/Least_Tern_0038_153087_267.jpg,CUB_200_2011
2,-5.685769677790906,3.9364075215146577,2,/home/dikra/media/dikra/PhD/DATA/DLC24_Data/tiny_all_bird_merged_coco/images/Brown_Thrasher_0072_155406_268.jpg,CUB_200_2011
2,-5.957735464831277,3.4505009558292214,2,/home/dikra/media/dikra/PhD/DATA/DLC24_Data/tiny_all_bird_merged_coco/images/Blue_Headed_Vireo_0121_156233_269.jpg,CUB_200_2011
2,-5.4665438173674925,3.826253020632343,2,/home/dikra/media/dikra/PhD/DATA/DLC24_Data/tiny_all_bird_merged_coco/images/Warbling_Vireo_0045_158399_270.jpg,CUB_200_2011
2,-5.4550227829885465,2.9787948411487415,2,/home/dikra/media/dikra/PhD/DATA/DLC24_Data/tiny_all_bird_merged_coco/images/Bay_Breasted_Warbler_0055_159740_271.jpg,CUB_200_2011
2,-4.560182958150333,1.2581244219897052,2,/home/dikra/media/dikra/PhD/DATA/DLC24_Data/tiny_all_bird_merged_coco/images/Bay_Breasted_Warbler_0072_797114_272.jpg,CUB_200_2011
2,-5.6402890982784655,3.1990826893914512,2,/home/dikra/media/dikra/PhD/DATA/DLC24_Data/tiny_all_bird_merged_coco/images/Black_Throated_Blue_Warbler_0024_161619_273.jpg,CUB_200_2011
2,-6.157425219606961,3.490630928319603,2,/home/dikra/media/dikra/PhD/DATA/DLC24_Data/tiny_all_bird_merged_coco/images/Blue_Winged_Warbler_0014_161783_274.jpg,CUB_200_2011
2,-5.606539056274723,3.227877482001198,2,/home/dikra/media/dikra/PhD/DATA/DLC24_Data/tiny_all_bird_merged_coco/images/Cerulean_Warbler_0038_797230_275.jpg,CUB_200_2011
2,-6.269995050879,3.794868902406127,2,/home/dikra/media/dikra/PhD/DATA/DLC24_Data/tiny_all_bird_merged_coco/images/Cerulean_Warbler_0078_163271_276.jpg,CUB_200_2011
2,-5.6140659234995285,3.0608347728391534,2,/home/dikra/media/dikra/PhD/DATA/DLC24_Data/tiny_all_bird_merged_coco/images/Hooded_Warbler_0070_164930_277.jpg,CUB_200_2011
2,-5.678805685534172,3.1641400891665143,2,/home/dikra/media/dikra/PhD/DATA/DLC24_Data/tiny_all_bird_merged_coco/images/Hooded_Warbler_0016_164837_278.jpg,CUB_200_2011
2,-5.492450976465547,3.8555774960946154,2,/home/dikra/media/dikra/PhD/DATA/DLC24_Data/tiny_all_bird_merged_coco/images/Mourning_Warbler_0012_166515_279.jpg,CUB_200_2011
2,-6.510292282971521,3.855860331283158,2,/home/dikra/media/dikra/PhD/DATA/DLC24_Data/tiny_all_bird_merged_coco/images/Mourning_Warbler_0002_166520_280.jpg,CUB_200_2011
2,-4.778984600174079,1.822560083370336,2,/home/dikra/media/dikra/PhD/DATA/DLC24_Data/tiny_all_bird_merged_coco/images/Mourning_Warbler_0074_795367_281.jpg,CUB_200_2011
2,-4.950455867072715,1.686583294738257,2,/home/dikra/media/dikra/PhD/DATA/DLC24_Data/tiny_all_bird_merged_coco/images/Nashville_Warbler_0129_167053_282.jpg,CUB_200_2011
2,-4.574782250454193,0.5490387594156734,2,/home/dikra/media/dikra/PhD/DATA/DLC24_Data/tiny_all_bird_merged_coco/images/Nashville_Warbler_0053_167403_283.jpg,CUB_200_2011
2,-6.2746347877660895,3.7564199841572554,2,/home/dikra/media/dikra/PhD/DATA/DLC24_Data/tiny_all_bird_merged_coco/images/Prairie_Warbler_0031_172818_284.jpg,CUB_200_2011
2,-5.2283591865736225,4.502253406485932,2,/home/dikra/media/dikra/PhD/DATA/DLC24_Data/tiny_all_bird_merged_coco/images/Prairie_Warbler_0109_172909_285.jpg,CUB_200_2011
2,-5.263058863346944,2.962031435279315,2,/home/dikra/media/dikra/PhD/DATA/DLC24_Data/tiny_all_bird_merged_coco/images/Prairie_Warbler_0105_172982_286.jpg,CUB_200_2011
2,-6.85242937362168,4.066521034175056,2,/home/dikra/media/dikra/PhD/DATA/DLC24_Data/tiny_all_bird_merged_coco/images/Wilson_Warbler_0073_175876_287.jpg,CUB_200_2011
2,-5.5406812793997,3.0761345284711963,2,/home/dikra/media/dikra/PhD/DATA/DLC24_Data/tiny_all_bird_merged_coco/images/Yellow_Warbler_0056_176320_288.jpg,CUB_200_2011
2,-5.94087609848148,3.5246517210450823,2,/home/dikra/media/dikra/PhD/DATA/DLC24_Data/tiny_all_bird_merged_coco/images/Northern_Waterthrush_0103_177162_289.jpg,CUB_200_2011
2,-5.087541907723734,1.1168707047565285,2,/home/dikra/media/dikra/PhD/DATA/DLC24_Data/tiny_all_bird_merged_coco/images/Northern_Waterthrush_0105_176970_290.jpg,CUB_200_2011
2,-5.504660734994952,3.02561850902356,2,/home/dikra/media/dikra/PhD/DATA/DLC24_Data/tiny_all_bird_merged_coco/images/Louisiana_Waterthrush_0048_795277_291.jpg,CUB_200_2011
2,-5.424044543584111,2.736824366017043,2,/home/dikra/media/dikra/PhD/DATA/DLC24_Data/tiny_all_bird_merged_coco/images/Bohemian_Waxwing_0042_177887_292.jpg,CUB_200_2011
2,-5.105602782115345,2.495145205216389,2,/home/dikra/media/dikra/PhD/DATA/DLC24_Data/tiny_all_bird_merged_coco/images/Cedar_Waxwing_0037_179710_293.jpg,CUB_200_2011
2,-5.27442977524979,2.472524716482765,2,/home/dikra/media/dikra/PhD/DATA/DLC24_Data/tiny_all_bird_merged_coco/images/Pileated_Woodpecker_0008_180400_294.jpg,CUB_200_2011
2,-4.466763789016963,1.9804828793780707,2,/home/dikra/media/dikra/PhD/DATA/DLC24_Data/tiny_all_bird_merged_coco/images/Downy_Woodpecker_0011_183934_295.jpg,CUB_200_2011
2,-4.700468747153435,1.344481888271795,2,/home/dikra/media/dikra/PhD/DATA/DLC24_Data/tiny_all_bird_merged_coco/images/Bewick_Wren_0081_185080_296.jpg,CUB_200_2011
2,-5.853094666202739,3.3767967994112285,2,/home/dikra/media/dikra/PhD/DATA/DLC24_Data/tiny_all_bird_merged_coco/images/Cactus_Wren_0078_185899_297.jpg,CUB_200_2011
2,-5.395824759532042,2.886696446170505,2,/home/dikra/media/dikra/PhD/DATA/DLC24_Data/tiny_all_bird_merged_coco/images/Marsh_Wren_0122_188323_298.jpg,CUB_200_2011
2,-6.100544750657949,3.4843074825029894,2,/home/dikra/media/dikra/PhD/DATA/DLC24_Data/tiny_all_bird_merged_coco/images/Common_Yellowthroat_0080_190663_299.jpg,CUB_200_2011
1,-2.891498254221928,-1.1817063942021129,1,/home/dikra/media/dikra/PhD/DATA/DLC24_Data/tiny_all_bird_merged_coco/images/03487402dfa94a1597c0741966a936fd_400.jpg,tiny_nabirds
1,-4.567409509975466,-4.341199597349457,1,/home/dikra/media/dikra/PhD/DATA/DLC24_Data/tiny_all_bird_merged_coco/images/0c64dedb5ca447f299adc13e2e67970a_401.jpg,tiny_nabirds
1,-4.185436392814863,-3.389074147586584,1,/home/dikra/media/dikra/PhD/DATA/DLC24_Data/tiny_all_bird_merged_coco/images/1084aad0391a409f8db6f792796c6874_402.jpg,tiny_nabirds
1,-4.146292305263559,-4.196598591314459,1,/home/dikra/media/dikra/PhD/DATA/DLC24_Data/tiny_all_bird_merged_coco/images/1184dffc011643aeb532ad9f01f0fc66_403.jpg,tiny_nabirds
1,-4.491736691230538,-4.60408093744307,1,/home/dikra/media/dikra/PhD/DATA/DLC24_Data/tiny_all_bird_merged_coco/images/11a0f446c8834fcca71738ca263228c9_404.jpg,tiny_nabirds
1,-3.5777468535753476,-1.7778832857836064,1,/home/dikra/media/dikra/PhD/DATA/DLC24_Data/tiny_all_bird_merged_coco/images/15d1f9f88f5b450eb7dcb051fd74616b_405.jpg,tiny_nabirds
1,-4.527761232245755,-4.493745906728326,1,/home/dikra/media/dikra/PhD/DATA/DLC24_Data/tiny_all_bird_merged_coco/images/15dd6fd7791e4b53b203195d617521a4_406.jpg,tiny_nabirds
1,-3.6140088593364594,-2.9253465831552963,1,/home/dikra/media/dikra/PhD/DATA/DLC24_Data/tiny_all_bird_merged_coco/images/1720f065f9c0443b86c36aca9ccca162_407.jpg,tiny_nabirds
1,-3.74537166398453,-2.3144496484651595,1,/home/dikra/media/dikra/PhD/DATA/DLC24_Data/tiny_all_bird_merged_coco/images/17273761851b4eefb8603dc10722d96c_408.jpg,tiny_nabirds
1,-4.667662171578897,-4.241168419707304,1,/home/dikra/media/dikra/PhD/DATA/DLC24_Data/tiny_all_bird_merged_coco/images/1f1d3e4d5b4348238a8391454f6aaaee_409.jpg,tiny_nabirds
1,-4.700810960303602,-4.487001709720118,1,/home/dikra/media/dikra/PhD/DATA/DLC24_Data/tiny_all_bird_merged_coco/images/1fb6e198b521494dbb79e2f29b394e5b_410.jpg,tiny_nabirds
1,-4.717220937741593,-4.514162535091974,1,/home/dikra/media/dikra/PhD/DATA/DLC24_Data/tiny_all_bird_merged_coco/images/2026571961314ec9a10ed8874e5cf9d7_411.jpg,tiny_nabirds
1,-4.5109524272594115,-3.995721832542807,1,/home/dikra/media/dikra/PhD/DATA/DLC24_Data/tiny_all_bird_merged_coco/images/2248cf545e784854bc10178c9b1f6ef0_412.jpg,tiny_nabirds
1,-4.429558467257415,-4.369210987633867,1,/home/dikra/media/dikra/PhD/DATA/DLC24_Data/tiny_all_bird_merged_coco/images/24a62c713e074660b5ec17a19aee1bc2_413.jpg,tiny_nabirds
1,-3.5688213933987996,-2.7056746966437903,1,/home/dikra/media/dikra/PhD/DATA/DLC24_Data/tiny_all_bird_merged_coco/images/251e36de35d749d888828dfde4a661ec_414.jpg,tiny_nabirds
1,-4.178195642829771,-3.28151165075415,1,/home/dikra/media/dikra/PhD/DATA/DLC24_Data/tiny_all_bird_merged_coco/images/263f7fb84c034f859d903c63fbf00c14_415.jpg,tiny_nabirds
1,-3.8220355860123463,-2.867031902340655,1,/home/dikra/media/dikra/PhD/DATA/DLC24_Data/tiny_all_bird_merged_coco/images/2934ad6306c9412e926d1ec3b2190f20_416.jpg,tiny_nabirds
1,-5.311034296078442,-6.540401173633481,1,/home/dikra/media/dikra/PhD/DATA/DLC24_Data/tiny_all_bird_merged_coco/images/2ca588d8d899468ab29afab262a670cb_417.jpg,tiny_nabirds
1,-4.446882930841277,-4.342641782575545,1,/home/dikra/media/dikra/PhD/DATA/DLC24_Data/tiny_all_bird_merged_coco/images/30df4ceaaddf4546a6f8e5b1edb9d941_418.jpg,tiny_nabirds
1,-3.566488349608274,-1.9301934203842255,1,/home/dikra/media/dikra/PhD/DATA/DLC24_Data/tiny_all_bird_merged_coco/images/377b6f416e6c4817a89c60b1790f188d_419.jpg,tiny_nabirds
1,-4.855941390586824,-5.250125378188461,1,/home/dikra/media/dikra/PhD/DATA/DLC24_Data/tiny_all_bird_merged_coco/images/3f1165e9715441caab9479fc8444d638_420.jpg,tiny_nabirds
1,-3.380004380767687,-1.8496101149550368,1,/home/dikra/media/dikra/PhD/DATA/DLC24_Data/tiny_all_bird_merged_coco/images/405e832f6d884f579167c1185478f9b0_421.jpg,tiny_nabirds
1,-3.6698821556271866,-2.9739535667963435,1,/home/dikra/media/dikra/PhD/DATA/DLC24_Data/tiny_all_bird_merged_coco/images/40f88347564843278b1a016d132c7751_422.jpg,tiny_nabirds
1,-4.278815977312805,-4.08703813291883,1,/home/dikra/media/dikra/PhD/DATA/DLC24_Data/tiny_all_bird_merged_coco/images/4216fa0a23fd47a99b8020ab0c458578_423.jpg,tiny_nabirds
1,-3.72830436750807,-2.717527974498607,1,/home/dikra/media/dikra/PhD/DATA/DLC24_Data/tiny_all_bird_merged_coco/images/4600c6bc0b1a4dca85a3635870261aba_424.jpg,tiny_nabirds
1,-3.7433845939618395,-2.9385124128814115,1,/home/dikra/media/dikra/PhD/DATA/DLC24_Data/tiny_all_bird_merged_coco/images/48b963e4199f4592ad81f092cd426233_425.jpg,tiny_nabirds
1,-4.1996125341859445,-3.4634954603927945,1,/home/dikra/media/dikra/PhD/DATA/DLC24_Data/tiny_all_bird_merged_coco/images/49edd0f2140d4863b7c4ee11487b2388_426.jpg,tiny_nabirds
1,-4.538709141912286,-4.4467601479244445,1,/home/dikra/media/dikra/PhD/DATA/DLC24_Data/tiny_all_bird_merged_coco/images/4aa7602cc3e1450c84dbf6a74ed9cf52_427.jpg,tiny_nabirds
1,-3.6327712828006633,-1.8048533596854481,1,/home/dikra/media/dikra/PhD/DATA/DLC24_Data/tiny_all_bird_merged_coco/images/4b17a422d4dd4eb8b1e2bd39dc5d76b7_428.jpg,tiny_nabirds
1,-4.7908408241340865,-4.428444177810852,1,/home/dikra/media/dikra/PhD/DATA/DLC24_Data/tiny_all_bird_merged_coco/images/4b82323a4ba841ce9deabba5fe5fbd8f_429.jpg,tiny_nabirds
1,-4.292707549867892,-3.5458541464515294,1,/home/dikra/media/dikra/PhD/DATA/DLC24_Data/tiny_all_bird_merged_coco/images/4e65b316ac37442d8a93467dbcbb5c69_430.jpg,tiny_nabirds
1,-3.7484776497989647,-1.8586333801144428,1,/home/dikra/media/dikra/PhD/DATA/DLC24_Data/tiny_all_bird_merged_coco/images/5344e3bb20b645d8933623611b4f38b6_431.jpg,tiny_nabirds
1,-4.046731876223669,-2.550732064339986,1,/home/dikra/media/dikra/PhD/DATA/DLC24_Data/tiny_all_bird_merged_coco/images/5aec217781b44e98a4d13c9c1482de79_432.jpg,tiny_nabirds
1,-3.880789248051089,-3.1947490740319946,1,/home/dikra/media/dikra/PhD/DATA/DLC24_Data/tiny_all_bird_merged_coco/images/5c823014dc914def951925965d1b71b5_433.jpg,tiny_nabirds
1,-4.969813198001275,-5.080649350100639,1,/home/dikra/media/dikra/PhD/DATA/DLC24_Data/tiny_all_bird_merged_coco/images/609dc852d3214d75a3620ce4f02b0c9f_434.jpg,tiny_nabirds
1,-4.204524530200935,-3.320747730949704,1,/home/dikra/media/dikra/PhD/DATA/DLC24_Data/tiny_all_bird_merged_coco/images/62a64f907a724aeea1a10c548ac9bdda_435.jpg,tiny_nabirds
1,-4.764121769997869,-5.01677885510708,1,/home/dikra/media/dikra/PhD/DATA/DLC24_Data/tiny_all_bird_merged_coco/images/63bec07f06d843638c385c99567587e1_436.jpg,tiny_nabirds
1,-2.9796668044825947,-1.330147303832349,1,/home/dikra/media/dikra/PhD/DATA/DLC24_Data/tiny_all_bird_merged_coco/images/63eee2eb1649452fa5be685c9b605fd2_437.jpg,tiny_nabirds
1,-4.023868628445686,-3.0833506467340546,1,/home/dikra/media/dikra/PhD/DATA/DLC24_Data/tiny_all_bird_merged_coco/images/66d617701f5249a693036185c54f1667_438.jpg,tiny_nabirds
1,-4.383749051027726,-3.67388532790506,1,/home/dikra/media/dikra/PhD/DATA/DLC24_Data/tiny_all_bird_merged_coco/images/67c0be2f9e9148b3821970ac0a1802fa_439.jpg,tiny_nabirds
1,-3.6088720604964593,-2.8397805807341663,1,/home/dikra/media/dikra/PhD/DATA/DLC24_Data/tiny_all_bird_merged_coco/images/68b132e2d5f24aeab212392fef4795b9_440.jpg,tiny_nabirds
1,-4.133154308595817,-3.4897896779539086,1,/home/dikra/media/dikra/PhD/DATA/DLC24_Data/tiny_all_bird_merged_coco/images/696d7445c8544eb8bf2e95c94418f130_441.jpg,tiny_nabirds
1,-5.120117529142425,-5.142221178549359,1,/home/dikra/media/dikra/PhD/DATA/DLC24_Data/tiny_all_bird_merged_coco/images/69a64235a23d48aaab795756d2d093df_442.jpg,tiny_nabirds
1,-4.184588402924527,-3.62425882735494,1,/home/dikra/media/dikra/PhD/DATA/DLC24_Data/tiny_all_bird_merged_coco/images/6e21449a2d7049038e4005553edde4ed_443.jpg,tiny_nabirds
1,-3.556632903734519,-1.6263834772909498,1,/home/dikra/media/dikra/PhD/DATA/DLC24_Data/tiny_all_bird_merged_coco/images/747c1de721d24a43b04b702da86598f5_444.jpg,tiny_nabirds
1,-3.849650989072581,-3.091487549067784,1,/home/dikra/media/dikra/PhD/DATA/DLC24_Data/tiny_all_bird_merged_coco/images/76c1201f8524486585e6dda8cb4ac986_445.jpg,tiny_nabirds
1,-4.608919261818824,-4.464250958663429,1,/home/dikra/media/dikra/PhD/DATA/DLC24_Data/tiny_all_bird_merged_coco/images/76ccd86d3d444b428feedda8685506ff_446.jpg,tiny_nabirds
1,-3.4419340225517887,-2.2179884095647138,1,/home/dikra/media/dikra/PhD/DATA/DLC24_Data/tiny_all_bird_merged_coco/images/7afe3fd52f164c46acb183e7eebcbbcd_447.jpg,tiny_nabirds
1,-3.746458129467263,-2.1443850442389714,1,/home/dikra/media/dikra/PhD/DATA/DLC24_Data/tiny_all_bird_merged_coco/images/7c653cf9776346bb9cc4dc97624b5d74_448.jpg,tiny_nabirds
1,-3.8968281756619256,-2.4911355479561132,1,/home/dikra/media/dikra/PhD/DATA/DLC24_Data/tiny_all_bird_merged_coco/images/7e7cce67d18446318deec9654953e5b3_449.jpg,tiny_nabirds
1,-2.6757547723396,-1.2912963475281207,1,/home/dikra/media/dikra/PhD/DATA/DLC24_Data/tiny_all_bird_merged_coco/images/7ff70d576bdd4f008254d55fee55ec4a_450.jpg,tiny_nabirds
1,-4.392687725393104,-4.269068398961281,1,/home/dikra/media/dikra/PhD/DATA/DLC24_Data/tiny_all_bird_merged_coco/images/83a4724b47884e61a8cf7d045cffc53e_451.jpg,tiny_nabirds
1,-4.195687971722898,-4.086110019102602,1,/home/dikra/media/dikra/PhD/DATA/DLC24_Data/tiny_all_bird_merged_coco/images/85c17cb67b34467d869df7170cafce90_452.jpg,tiny_nabirds
1,-4.521365995793438,-4.694453194906594,1,/home/dikra/media/dikra/PhD/DATA/DLC24_Data/tiny_all_bird_merged_coco/images/87bc17a271794f72a5b5625ba3353a62_453.jpg,tiny_nabirds
1,-4.707420734401578,-4.835071050103222,1,/home/dikra/media/dikra/PhD/DATA/DLC24_Data/tiny_all_bird_merged_coco/images/88d999bd55894bb6a987037767e90cd7_454.jpg,tiny_nabirds
1,-4.7768191142091645,-4.43193992726697,1,/home/dikra/media/dikra/PhD/DATA/DLC24_Data/tiny_all_bird_merged_coco/images/8e25558163694a9eaa1889226ba4a4b8_455.jpg,tiny_nabirds
1,-3.928336847488519,-3.571304018520475,1,/home/dikra/media/dikra/PhD/DATA/DLC24_Data/tiny_all_bird_merged_coco/images/90e9c121c0e64ea099672c7ac47a632b_456.jpg,tiny_nabirds
1,-4.276775849091232,-3.4658290289690554,1,/home/dikra/media/dikra/PhD/DATA/DLC24_Data/tiny_all_bird_merged_coco/images/9b31cbd50e8e44ebac5e9343103322fb_457.jpg,tiny_nabirds
1,-4.394617708835839,-4.298412972758151,1,/home/dikra/media/dikra/PhD/DATA/DLC24_Data/tiny_all_bird_merged_coco/images/9b43c78329784bc5a8a0b5cde066b164_458.jpg,tiny_nabirds
1,-4.195777079146333,-4.486102151935977,1,/home/dikra/media/dikra/PhD/DATA/DLC24_Data/tiny_all_bird_merged_coco/images/9c7166b1707f4f49b915ab7ff19d88e2_459.jpg,tiny_nabirds
1,-4.400032366327871,-4.288895158573386,1,/home/dikra/media/dikra/PhD/DATA/DLC24_Data/tiny_all_bird_merged_coco/images/9c840308a4654e3eaec68c3755f5b4c4_460.jpg,tiny_nabirds
1,-4.703238770225686,-4.557359060491783,1,/home/dikra/media/dikra/PhD/DATA/DLC24_Data/tiny_all_bird_merged_coco/images/9d65ee895aba42519dc18153e3d60ce7_461.jpg,tiny_nabirds
1,-3.5799513674370025,-2.9086706399167426,1,/home/dikra/media/dikra/PhD/DATA/DLC24_Data/tiny_all_bird_merged_coco/images/a1ae7ac6e03f45aca7abf42125b66be8_462.jpg,tiny_nabirds
1,-2.802461180423747,-1.9991982898097134,1,/home/dikra/media/dikra/PhD/DATA/DLC24_Data/tiny_all_bird_merged_coco/images/ab0bba0837894b569e72d81935fc92cd_463.jpg,tiny_nabirds
1,-3.734487900871118,-3.216958389132514,1,/home/dikra/media/dikra/PhD/DATA/DLC24_Data/tiny_all_bird_merged_coco/images/ab52193b213f4e60b495ff130466d7c5_464.jpg,tiny_nabirds
1,-4.333318863643514,-3.7905466790162583,1,/home/dikra/media/dikra/PhD/DATA/DLC24_Data/tiny_all_bird_merged_coco/images/ad6b445626ec4497a1c572c46ffb462d_465.jpg,tiny_nabirds
1,-2.712412001394806,-2.0751537842873566,1,/home/dikra/media/dikra/PhD/DATA/DLC24_Data/tiny_all_bird_merged_coco/images/b05ce45113bf46fd97e30c8d154067ad_466.jpg,tiny_nabirds
1,-4.179856551050135,-4.042934193199338,1,/home/dikra/media/dikra/PhD/DATA/DLC24_Data/tiny_all_bird_merged_coco/images/b069a6ccb9354212b43aa60f8ea5ed39_467.jpg,tiny_nabirds
1,-4.624795288351407,-4.748742972574781,1,/home/dikra/media/dikra/PhD/DATA/DLC24_Data/tiny_all_bird_merged_coco/images/b2d9e57c68ed49448ce634603b337800_468.jpg,tiny_nabirds
1,-4.324322579226942,-3.529132853559837,1,/home/dikra/media/dikra/PhD/DATA/DLC24_Data/tiny_all_bird_merged_coco/images/b2fff49997bd4d2a909ad25ed202e46c_469.jpg,tiny_nabirds
1,-4.948871868244412,-5.299449314269048,1,/home/dikra/media/dikra/PhD/DATA/DLC24_Data/tiny_all_bird_merged_coco/images/b519580b4ad444a7951e7c52ffe69e90_470.jpg,tiny_nabirds
1,-4.48847823926512,-3.999084978782316,1,/home/dikra/media/dikra/PhD/DATA/DLC24_Data/tiny_all_bird_merged_coco/images/ba381ca5910d41428ca0c334e1456217_471.jpg,tiny_nabirds
1,-4.412567667813039,-3.7211112214398057,1,/home/dikra/media/dikra/PhD/DATA/DLC24_Data/tiny_all_bird_merged_coco/images/bdf4dfd60d1b423ca7a9abe3044f5ae3_472.jpg,tiny_nabirds
1,-4.577698434342531,-4.82119786447936,1,/home/dikra/media/dikra/PhD/DATA/DLC24_Data/tiny_all_bird_merged_coco/images/c0a1fc13ce3c494cbf4baf5bc626dd5e_473.jpg,tiny_nabirds
1,-4.396623293285153,-3.58388319720111,1,/home/dikra/media/dikra/PhD/DATA/DLC24_Data/tiny_all_bird_merged_coco/images/c4167f54d724426699f52875e42699f1_474.jpg,tiny_nabirds
1,-3.0699305973584,-2.3800957741171405,1,/home/dikra/media/dikra/PhD/DATA/DLC24_Data/tiny_all_bird_merged_coco/images/c512f3ff788f4beaba39ce650c44c035_475.jpg,tiny_nabirds
1,-4.290938279498071,-3.4047758073874013,1,/home/dikra/media/dikra/PhD/DATA/DLC24_Data/tiny_all_bird_merged_coco/images/cbcd54819a9248e8a05eb8a6001bc725_476.jpg,tiny_nabirds
1,-3.551329412770386,-1.64663956489717,1,/home/dikra/media/dikra/PhD/DATA/DLC24_Data/tiny_all_bird_merged_coco/images/cc9f6446153f4280aeab238ef01b37ad_477.jpg,tiny_nabirds
1,-4.4558660967280606,-2.977813929307691,1,/home/dikra/media/dikra/PhD/DATA/DLC24_Data/tiny_all_bird_merged_coco/images/cd46480199a64eb18c6d875661e3575f_478.jpg,tiny_nabirds
1,-4.29971973545224,-3.566062440924057,1,/home/dikra/media/dikra/PhD/DATA/DLC24_Data/tiny_all_bird_merged_coco/images/d36197e139aa4446a67c9ff2b985dc9f_479.jpg,tiny_nabirds
1,-4.725289347891366,-4.555483339010726,1,/home/dikra/media/dikra/PhD/DATA/DLC24_Data/tiny_all_bird_merged_coco/images/d6fe8326cfd04747b0eed8a8cc242526_480.jpg,tiny_nabirds
1,-2.990716068154949,-1.5394607457460734,1,/home/dikra/media/dikra/PhD/DATA/DLC24_Data/tiny_all_bird_merged_coco/images/d97506183e994037a0149a4cd7793a71_481.jpg,tiny_nabirds
1,-4.580454639938469,-4.477192694148041,1,/home/dikra/media/dikra/PhD/DATA/DLC24_Data/tiny_all_bird_merged_coco/images/dd996ff0309f4d6aaa689220e90399ef_482.jpg,tiny_nabirds
1,-4.649976847408618,-4.943308270610696,1,/home/dikra/media/dikra/PhD/DATA/DLC24_Data/tiny_all_bird_merged_coco/images/de211fc6720d49ba86336cb275d08de5_483.jpg,tiny_nabirds
1,-4.658081964148257,-4.64629523573119,1,/home/dikra/media/dikra/PhD/DATA/DLC24_Data/tiny_all_bird_merged_coco/images/e04c1fc7d41f4f9e97ff0357f1d4d3a8_484.jpg,tiny_nabirds
1,-4.344764770321563,-3.566623813367097,1,/home/dikra/media/dikra/PhD/DATA/DLC24_Data/tiny_all_bird_merged_coco/images/e1ced61f7a7c407984022af3c72fc122_485.jpg,tiny_nabirds
1,-4.632540031563679,-4.5077092611732015,1,/home/dikra/media/dikra/PhD/DATA/DLC24_Data/tiny_all_bird_merged_coco/images/e334db34eb034e908a924c81e2c4f153_486.jpg,tiny_nabirds
1,-2.9492657689114763,-1.282373302248055,1,/home/dikra/media/dikra/PhD/DATA/DLC24_Data/tiny_all_bird_merged_coco/images/e760109910c3448e8233b1c3e5d6ccd8_487.jpg,tiny_nabirds
1,-3.618313780085538,-2.3265639634115822,1,/home/dikra/media/dikra/PhD/DATA/DLC24_Data/tiny_all_bird_merged_coco/images/e84061d448724c4b8e6a0041a5c41d42_488.jpg,tiny_nabirds
1,-4.510423792963626,-4.677164247078415,1,/home/dikra/media/dikra/PhD/DATA/DLC24_Data/tiny_all_bird_merged_coco/images/ea81b64cc4ac44db9b190e23aa6bfd39_489.jpg,tiny_nabirds
1,-3.1025840528740702,-2.044909993378299,1,/home/dikra/media/dikra/PhD/DATA/DLC24_Data/tiny_all_bird_merged_coco/images/ee2aef6fb38d4e9bb4e6120a86635d5e_490.jpg,tiny_nabirds
1,-4.1612258353960465,-3.293956045180844,1,/home/dikra/media/dikra/PhD/DATA/DLC24_Data/tiny_all_bird_merged_coco/images/f01a1ac3c9974a3aa7f997f1e3dde48c_491.jpg,tiny_nabirds
1,-4.549236733956995,-4.0348938554476845,1,/home/dikra/media/dikra/PhD/DATA/DLC24_Data/tiny_all_bird_merged_coco/images/f289911f732541f8b2b4ca2dcf255d45_492.jpg,tiny_nabirds
1,-4.371350765900907,-3.7474664577603236,1,/home/dikra/media/dikra/PhD/DATA/DLC24_Data/tiny_all_bird_merged_coco/images/f2ca24896ebc46daab3b824ce99d836d_493.jpg,tiny_nabirds
1,-3.798750112335707,-2.9577425039399037,1,/home/dikra/media/dikra/PhD/DATA/DLC24_Data/tiny_all_bird_merged_coco/images/f383acc8826f4d90b96ba653673d290e_494.jpg,tiny_nabirds
1,-4.4678228060211875,-4.027201697602704,1,/home/dikra/media/dikra/PhD/DATA/DLC24_Data/tiny_all_bird_merged_coco/images/f4380b6a97614e8c8a1b38973a1030dd_495.jpg,tiny_nabirds
1,-4.408311918640127,-3.7447515241881484,1,/home/dikra/media/dikra/PhD/DATA/DLC24_Data/tiny_all_bird_merged_coco/images/f848051e0769463a9adb7fea775c19e5_496.jpg,tiny_nabirds
1,-3.339418588799796,-1.2042832237722372,1,/home/dikra/media/dikra/PhD/DATA/DLC24_Data/tiny_all_bird_merged_coco/images/fa92df2d544c4a74888d02a2c577fb3b_497.jpg,tiny_nabirds
1,-4.626190570949608,-4.027216140690749,1,/home/dikra/media/dikra/PhD/DATA/DLC24_Data/tiny_all_bird_merged_coco/images/fbc4178909d14876b89719185c4c8cce_498.jpg,tiny_nabirds
1,-4.118382373921036,-2.8375502892309465,1,/home/dikra/media/dikra/PhD/DATA/DLC24_Data/tiny_all_bird_merged_coco/images/fc6b043fdac841e48bc047d6f83608f3_499.jpg,tiny_nabirds
